Date,DateKey,Year,Quarter,Month,MonthName,Week
1/1/2022,20220101,2022,Q1,1,January,52
1/2/2022,20220102,2022,Q1,1,January,52
1/3/2022,20220103,2022,Q1,1,January,1
1/4/2022,20220104,2022,Q1,1,January,1
1/5/2022,20220105,2022,Q1,1,January,1
1/6/2022,20220106,2022,Q1,1,January,1
1/7/2022,20220107,2022,Q1,1,January,1
1/8/2022,20220108,2022,Q1,1,January,1
1/9/2022,20220109,2022,Q1,1,January,1
1/10/2022,20220110,2022,Q1,1,January,2
1/11/2022,20220111,2022,Q1,1,January,2
1/12/2022,20220112,2022,Q1,1,January,2
1/13/2022,20220113,2022,Q1,1,January,2
1/14/2022,20220114,2022,Q1,1,January,2
1/15/2022,20220115,2022,Q1,1,January,2
1/16/2022,20220116,2022,Q1,1,January,2
1/17/2022,20220117,2022,Q1,1,January,3
1/18/2022,20220118,2022,Q1,1,January,3
1/19/2022,20220119,2022,Q1,1,January,3
1/20/2022,20220120,2022,Q1,1,January,3
1/21/2022,20220121,2022,Q1,1,January,3
1/22/2022,20220122,2022,Q1,1,January,3
1/23/2022,20220123,2022,Q1,1,January,3
1/24/2022,20220124,2022,Q1,1,January,4
1/25/2022,20220125,2022,Q1,1,January,4
1/26/2022,20220126,2022,Q1,1,January,4
1/27/2022,20220127,2022,Q1,1,January,4
1/28/2022,20220128,2022,Q1,1,January,4
1/29/2022,20220129,2022,Q1,1,January,4
1/30/2022,20220130,2022,Q1,1,January,4
1/31/2022,20220131,2022,Q1,1,January,5
2/1/2022,20220201,2022,Q1,2,February,5
2/2/2022,20220202,2022,Q1,2,February,5
2/3/2022,20220203,2022,Q1,2,February,5
2/4/2022,20220204,2022,Q1,2,February,5
2/5/2022,20220205,2022,Q1,2,February,5
2/6/2022,20220206,2022,Q1,2,February,5
2/7/2022,20220207,2022,Q1,2,February,6
2/8/2022,20220208,2022,Q1,2,February,6
2/9/2022,20220209,2022,Q1,2,February,6
2/10/2022,20220210,2022,Q1,2,February,6
2/11/2022,20220211,2022,Q1,2,February,6
2/12/2022,20220212,2022,Q1,2,February,6
2/13/2022,20220213,2022,Q1,2,February,6
2/14/2022,20220214,2022,Q1,2,February,7
2/15/2022,20220215,2022,Q1,2,February,7
2/16/2022,20220216,2022,Q1,2,February,7
2/17/2022,20220217,2022,Q1,2,February,7
2/18/2022,20220218,2022,Q1,2,February,7
2/19/2022,20220219,2022,Q1,2,February,7
2/20/2022,20220220,2022,Q1,2,February,7
2/21/2022,20220221,2022,Q1,2,February,8
2/22/2022,20220222,2022,Q1,2,February,8
2/23/2022,20220223,2022,Q1,2,February,8
2/24/2022,20220224,2022,Q1,2,February,8
2/25/2022,20220225,2022,Q1,2,February,8
2/26/2022,20220226,2022,Q1,2,February,8
2/27/2022,20220227,2022,Q1,2,February,8
2/28/2022,20220228,2022,Q1,2,February,9
3/1/2022,20220301,2022,Q1,3,March,9
3/2/2022,20220302,2022,Q1,3,March,9
3/3/2022,20220303,2022,Q1,3,March,9
3/4/2022,20220304,2022,Q1,3,March,9
3/5/2022,20220305,2022,Q1,3,March,9
3/6/2022,20220306,2022,Q1,3,March,9
3/7/2022,20220307,2022,Q1,3,March,10
3/8/2022,20220308,2022,Q1,3,March,10
3/9/2022,20220309,2022,Q1,3,March,10
3/10/2022,20220310,2022,Q1,3,March,10
3/11/2022,20220311,2022,Q1,3,March,10
3/12/2022,20220312,2022,Q1,3,March,10
3/13/2022,20220313,2022,Q1,3,March,10
3/14/2022,20220314,2022,Q1,3,March,11
3/15/2022,20220315,2022,Q1,3,March,11
3/16/2022,20220316,2022,Q1,3,March,11
3/17/2022,20220317,2022,Q1,3,March,11
3/18/2022,20220318,2022,Q1,3,March,11
3/19/2022,20220319,2022,Q1,3,March,11
3/20/2022,20220320,2022,Q1,3,March,11
3/21/2022,20220321,2022,Q1,3,March,12
3/22/2022,20220322,2022,Q1,3,March,12
3/23/2022,20220323,2022,Q1,3,March,12
3/24/2022,20220324,2022,Q1,3,March,12
3/25/2022,20220325,2022,Q1,3,March,12
3/26/2022,20220326,2022,Q1,3,March,12
3/27/2022,20220327,2022,Q1,3,March,12
3/28/2022,20220328,2022,Q1,3,March,13
3/29/2022,20220329,2022,Q1,3,March,13
3/30/2022,20220330,2022,Q1,3,March,13
3/31/2022,20220331,2022,Q1,3,March,13
4/1/2022,20220401,2022,Q2,4,April,13
4/2/2022,20220402,2022,Q2,4,April,13
4/3/2022,20220403,2022,Q2,4,April,13
4/4/2022,20220404,2022,Q2,4,April,14
4/5/2022,20220405,2022,Q2,4,April,14
4/6/2022,20220406,2022,Q2,4,April,14
4/7/2022,20220407,2022,Q2,4,April,14
4/8/2022,20220408,2022,Q2,4,April,14
4/9/2022,20220409,2022,Q2,4,April,14
4/10/2022,20220410,2022,Q2,4,April,14
4/11/2022,20220411,2022,Q2,4,April,15
4/12/2022,20220412,2022,Q2,4,April,15
4/13/2022,20220413,2022,Q2,4,April,15
4/14/2022,20220414,2022,Q2,4,April,15
4/15/2022,20220415,2022,Q2,4,April,15
4/16/2022,20220416,2022,Q2,4,April,15
4/17/2022,20220417,2022,Q2,4,April,15
4/18/2022,20220418,2022,Q2,4,April,16
4/19/2022,20220419,2022,Q2,4,April,16
4/20/2022,20220420,2022,Q2,4,April,16
4/21/2022,20220421,2022,Q2,4,April,16
4/22/2022,20220422,2022,Q2,4,April,16
4/23/2022,20220423,2022,Q2,4,April,16
4/24/2022,20220424,2022,Q2,4,April,16
4/25/2022,20220425,2022,Q2,4,April,17
4/26/2022,20220426,2022,Q2,4,April,17
4/27/2022,20220427,2022,Q2,4,April,17
4/28/2022,20220428,2022,Q2,4,April,17
4/29/2022,20220429,2022,Q2,4,April,17
4/30/2022,20220430,2022,Q2,4,April,17
5/1/2022,20220501,2022,Q2,5,May,17
5/2/2022,20220502,2022,Q2,5,May,18
5/3/2022,20220503,2022,Q2,5,May,18
5/4/2022,20220504,2022,Q2,5,May,18
5/5/2022,20220505,2022,Q2,5,May,18
5/6/2022,20220506,2022,Q2,5,May,18
5/7/2022,20220507,2022,Q2,5,May,18
5/8/2022,20220508,2022,Q2,5,May,18
5/9/2022,20220509,2022,Q2,5,May,19
5/10/2022,20220510,2022,Q2,5,May,19
5/11/2022,20220511,2022,Q2,5,May,19
5/12/2022,20220512,2022,Q2,5,May,19
5/13/2022,20220513,2022,Q2,5,May,19
5/14/2022,20220514,2022,Q2,5,May,19
5/15/2022,20220515,2022,Q2,5,May,19
5/16/2022,20220516,2022,Q2,5,May,20
5/17/2022,20220517,2022,Q2,5,May,20
5/18/2022,20220518,2022,Q2,5,May,20
5/19/2022,20220519,2022,Q2,5,May,20
5/20/2022,20220520,2022,Q2,5,May,20
5/21/2022,20220521,2022,Q2,5,May,20
5/22/2022,20220522,2022,Q2,5,May,20
5/23/2022,20220523,2022,Q2,5,May,21
5/24/2022,20220524,2022,Q2,5,May,21
5/25/2022,20220525,2022,Q2,5,May,21
5/26/2022,20220526,2022,Q2,5,May,21
5/27/2022,20220527,2022,Q2,5,May,21
5/28/2022,20220528,2022,Q2,5,May,21
5/29/2022,20220529,2022,Q2,5,May,21
5/30/2022,20220530,2022,Q2,5,May,22
5/31/2022,20220531,2022,Q2,5,May,22
6/1/2022,20220601,2022,Q2,6,June,22
6/2/2022,20220602,2022,Q2,6,June,22
6/3/2022,20220603,2022,Q2,6,June,22
6/4/2022,20220604,2022,Q2,6,June,22
6/5/2022,20220605,2022,Q2,6,June,22
6/6/2022,20220606,2022,Q2,6,June,23
6/7/2022,20220607,2022,Q2,6,June,23
6/8/2022,20220608,2022,Q2,6,June,23
6/9/2022,20220609,2022,Q2,6,June,23
6/10/2022,20220610,2022,Q2,6,June,23
6/11/2022,20220611,2022,Q2,6,June,23
6/12/2022,20220612,2022,Q2,6,June,23
6/13/2022,20220613,2022,Q2,6,June,24
6/14/2022,20220614,2022,Q2,6,June,24
6/15/2022,20220615,2022,Q2,6,June,24
6/16/2022,20220616,2022,Q2,6,June,24
6/17/2022,20220617,2022,Q2,6,June,24
6/18/2022,20220618,2022,Q2,6,June,24
6/19/2022,20220619,2022,Q2,6,June,24
6/20/2022,20220620,2022,Q2,6,June,25
6/21/2022,20220621,2022,Q2,6,June,25
6/22/2022,20220622,2022,Q2,6,June,25
6/23/2022,20220623,2022,Q2,6,June,25
6/24/2022,20220624,2022,Q2,6,June,25
6/25/2022,20220625,2022,Q2,6,June,25
6/26/2022,20220626,2022,Q2,6,June,25
6/27/2022,20220627,2022,Q2,6,June,26
6/28/2022,20220628,2022,Q2,6,June,26
6/29/2022,20220629,2022,Q2,6,June,26
6/30/2022,20220630,2022,Q2,6,June,26
7/1/2022,20220701,2022,Q3,7,July,26
7/2/2022,20220702,2022,Q3,7,July,26
7/3/2022,20220703,2022,Q3,7,July,26
7/4/2022,20220704,2022,Q3,7,July,27
7/5/2022,20220705,2022,Q3,7,July,27
7/6/2022,20220706,2022,Q3,7,July,27
7/7/2022,20220707,2022,Q3,7,July,27
7/8/2022,20220708,2022,Q3,7,July,27
7/9/2022,20220709,2022,Q3,7,July,27
7/10/2022,20220710,2022,Q3,7,July,27
7/11/2022,20220711,2022,Q3,7,July,28
7/12/2022,20220712,2022,Q3,7,July,28
7/13/2022,20220713,2022,Q3,7,July,28
7/14/2022,20220714,2022,Q3,7,July,28
7/15/2022,20220715,2022,Q3,7,July,28
7/16/2022,20220716,2022,Q3,7,July,28
7/17/2022,20220717,2022,Q3,7,July,28
7/18/2022,20220718,2022,Q3,7,July,29
7/19/2022,20220719,2022,Q3,7,July,29
7/20/2022,20220720,2022,Q3,7,July,29
7/21/2022,20220721,2022,Q3,7,July,29
7/22/2022,20220722,2022,Q3,7,July,29
7/23/2022,20220723,2022,Q3,7,July,29
7/24/2022,20220724,2022,Q3,7,July,29
7/25/2022,20220725,2022,Q3,7,July,30
7/26/2022,20220726,2022,Q3,7,July,30
7/27/2022,20220727,2022,Q3,7,July,30
7/28/2022,20220728,2022,Q3,7,July,30
7/29/2022,20220729,2022,Q3,7,July,30
7/30/2022,20220730,2022,Q3,7,July,30
7/31/2022,20220731,2022,Q3,7,July,30
8/1/2022,20220801,2022,Q3,8,August,31
8/2/2022,20220802,2022,Q3,8,August,31
8/3/2022,20220803,2022,Q3,8,August,31
8/4/2022,20220804,2022,Q3,8,August,31
8/5/2022,20220805,2022,Q3,8,August,31
8/6/2022,20220806,2022,Q3,8,August,31
8/7/2022,20220807,2022,Q3,8,August,31
8/8/2022,20220808,2022,Q3,8,August,32
8/9/2022,20220809,2022,Q3,8,August,32
8/10/2022,20220810,2022,Q3,8,August,32
8/11/2022,20220811,2022,Q3,8,August,32
8/12/2022,20220812,2022,Q3,8,August,32
8/13/2022,20220813,2022,Q3,8,August,32
8/14/2022,20220814,2022,Q3,8,August,32
8/15/2022,20220815,2022,Q3,8,August,33
8/16/2022,20220816,2022,Q3,8,August,33
8/17/2022,20220817,2022,Q3,8,August,33
8/18/2022,20220818,2022,Q3,8,August,33
8/19/2022,20220819,2022,Q3,8,August,33
8/20/2022,20220820,2022,Q3,8,August,33
8/21/2022,20220821,2022,Q3,8,August,33
8/22/2022,20220822,2022,Q3,8,August,34
8/23/2022,20220823,2022,Q3,8,August,34
8/24/2022,20220824,2022,Q3,8,August,34
8/25/2022,20220825,2022,Q3,8,August,34
8/26/2022,20220826,2022,Q3,8,August,34
8/27/2022,20220827,2022,Q3,8,August,34
8/28/2022,20220828,2022,Q3,8,August,34
8/29/2022,20220829,2022,Q3,8,August,35
8/30/2022,20220830,2022,Q3,8,August,35
8/31/2022,20220831,2022,Q3,8,August,35
9/1/2022,20220901,2022,Q3,9,September,35
9/2/2022,20220902,2022,Q3,9,September,35
9/3/2022,20220903,2022,Q3,9,September,35
9/4/2022,20220904,2022,Q3,9,September,35
9/5/2022,20220905,2022,Q3,9,September,36
9/6/2022,20220906,2022,Q3,9,September,36
9/7/2022,20220907,2022,Q3,9,September,36
9/8/2022,20220908,2022,Q3,9,September,36
9/9/2022,20220909,2022,Q3,9,September,36
9/10/2022,20220910,2022,Q3,9,September,36
9/11/2022,20220911,2022,Q3,9,September,36
9/12/2022,20220912,2022,Q3,9,September,37
9/13/2022,20220913,2022,Q3,9,September,37
9/14/2022,20220914,2022,Q3,9,September,37
9/15/2022,20220915,2022,Q3,9,September,37
9/16/2022,20220916,2022,Q3,9,September,37
9/17/2022,20220917,2022,Q3,9,September,37
9/18/2022,20220918,2022,Q3,9,September,37
9/19/2022,20220919,2022,Q3,9,September,38
9/20/2022,20220920,2022,Q3,9,September,38
9/21/2022,20220921,2022,Q3,9,September,38
9/22/2022,20220922,2022,Q3,9,September,38
9/23/2022,20220923,2022,Q3,9,September,38
9/24/2022,20220924,2022,Q3,9,September,38
9/25/2022,20220925,2022,Q3,9,September,38
9/26/2022,20220926,2022,Q3,9,September,39
9/27/2022,20220927,2022,Q3,9,September,39
9/28/2022,20220928,2022,Q3,9,September,39
9/29/2022,20220929,2022,Q3,9,September,39
9/30/2022,20220930,2022,Q3,9,September,39
10/1/2022,20221001,2022,Q4,10,October,39
10/2/2022,20221002,2022,Q4,10,October,39
10/3/2022,20221003,2022,Q4,10,October,40
10/4/2022,20221004,2022,Q4,10,October,40
10/5/2022,20221005,2022,Q4,10,October,40
10/6/2022,20221006,2022,Q4,10,October,40
10/7/2022,20221007,2022,Q4,10,October,40
10/8/2022,20221008,2022,Q4,10,October,40
10/9/2022,20221009,2022,Q4,10,October,40
10/10/2022,20221010,2022,Q4,10,October,41
10/11/2022,20221011,2022,Q4,10,October,41
10/12/2022,20221012,2022,Q4,10,October,41
10/13/2022,20221013,2022,Q4,10,October,41
10/14/2022,20221014,2022,Q4,10,October,41
10/15/2022,20221015,2022,Q4,10,October,41
10/16/2022,20221016,2022,Q4,10,October,41
10/17/2022,20221017,2022,Q4,10,October,42
10/18/2022,20221018,2022,Q4,10,October,42
10/19/2022,20221019,2022,Q4,10,October,42
10/20/2022,20221020,2022,Q4,10,October,42
10/21/2022,20221021,2022,Q4,10,October,42
10/22/2022,20221022,2022,Q4,10,October,42
10/23/2022,20221023,2022,Q4,10,October,42
10/24/2022,20221024,2022,Q4,10,October,43
10/25/2022,20221025,2022,Q4,10,October,43
10/26/2022,20221026,2022,Q4,10,October,43
10/27/2022,20221027,2022,Q4,10,October,43
10/28/2022,20221028,2022,Q4,10,October,43
10/29/2022,20221029,2022,Q4,10,October,43
10/30/2022,20221030,2022,Q4,10,October,43
10/31/2022,20221031,2022,Q4,10,October,44
11/1/2022,20221101,2022,Q4,11,November,44
11/2/2022,20221102,2022,Q4,11,November,44
11/3/2022,20221103,2022,Q4,11,November,44
11/4/2022,20221104,2022,Q4,11,November,44
11/5/2022,20221105,2022,Q4,11,November,44
11/6/2022,20221106,2022,Q4,11,November,44
11/7/2022,20221107,2022,Q4,11,November,45
11/8/2022,20221108,2022,Q4,11,November,45
11/9/2022,20221109,2022,Q4,11,November,45
11/10/2022,20221110,2022,Q4,11,November,45
11/11/2022,20221111,2022,Q4,11,November,45
11/12/2022,20221112,2022,Q4,11,November,45
11/13/2022,20221113,2022,Q4,11,November,45
11/14/2022,20221114,2022,Q4,11,November,46
11/15/2022,20221115,2022,Q4,11,November,46
11/16/2022,20221116,2022,Q4,11,November,46
11/17/2022,20221117,2022,Q4,11,November,46
11/18/2022,20221118,2022,Q4,11,November,46
11/19/2022,20221119,2022,Q4,11,November,46
11/20/2022,20221120,2022,Q4,11,November,46
11/21/2022,20221121,2022,Q4,11,November,47
11/22/2022,20221122,2022,Q4,11,November,47
11/23/2022,20221123,2022,Q4,11,November,47
11/24/2022,20221124,2022,Q4,11,November,47
11/25/2022,20221125,2022,Q4,11,November,47
11/26/2022,20221126,2022,Q4,11,November,47
11/27/2022,20221127,2022,Q4,11,November,47
11/28/2022,20221128,2022,Q4,11,November,48
11/29/2022,20221129,2022,Q4,11,November,48
11/30/2022,20221130,2022,Q4,11,November,48
12/1/2022,20221201,2022,Q4,12,December,48
12/2/2022,20221202,2022,Q4,12,December,48
12/3/2022,20221203,2022,Q4,12,December,48
12/4/2022,20221204,2022,Q4,12,December,48
12/5/2022,20221205,2022,Q4,12,December,49
12/6/2022,20221206,2022,Q4,12,December,49
12/7/2022,20221207,2022,Q4,12,December,49
12/8/2022,20221208,2022,Q4,12,December,49
12/9/2022,20221209,2022,Q4,12,December,49
12/10/2022,20221210,2022,Q4,12,December,49
12/11/2022,20221211,2022,Q4,12,December,49
12/12/2022,20221212,2022,Q4,12,December,50
12/13/2022,20221213,2022,Q4,12,December,50
12/14/2022,20221214,2022,Q4,12,December,50
12/15/2022,20221215,2022,Q4,12,December,50
12/16/2022,20221216,2022,Q4,12,December,50
12/17/2022,20221217,2022,Q4,12,December,50
12/18/2022,20221218,2022,Q4,12,December,50
12/19/2022,20221219,2022,Q4,12,December,51
12/20/2022,20221220,2022,Q4,12,December,51
12/21/2022,20221221,2022,Q4,12,December,51
12/22/2022,20221222,2022,Q4,12,December,51
12/23/2022,20221223,2022,Q4,12,December,51
12/24/2022,20221224,2022,Q4,12,December,51
12/25/2022,20221225,2022,Q4,12,December,51
12/26/2022,20221226,2022,Q4,12,December,52
12/27/2022,20221227,2022,Q4,12,December,52
12/28/2022,20221228,2022,Q4,12,December,52
12/29/2022,20221229,2022,Q4,12,December,52
12/30/2022,20221230,2022,Q4,12,December,52
12/31/2022,20221231,2022,Q4,12,December,52
1/1/2023,20230101,2023,Q1,1,January,52
1/2/2023,20230102,2023,Q1,1,January,1
1/3/2023,20230103,2023,Q1,1,January,1
1/4/2023,20230104,2023,Q1,1,January,1
1/5/2023,20230105,2023,Q1,1,January,1
1/6/2023,20230106,2023,Q1,1,January,1
1/7/2023,20230107,2023,Q1,1,January,1
1/8/2023,20230108,2023,Q1,1,January,1
1/9/2023,20230109,2023,Q1,1,January,2
1/10/2023,20230110,2023,Q1,1,January,2
1/11/2023,20230111,2023,Q1,1,January,2
1/12/2023,20230112,2023,Q1,1,January,2
1/13/2023,20230113,2023,Q1,1,January,2
1/14/2023,20230114,2023,Q1,1,January,2
1/15/2023,20230115,2023,Q1,1,January,2
1/16/2023,20230116,2023,Q1,1,January,3
1/17/2023,20230117,2023,Q1,1,January,3
1/18/2023,20230118,2023,Q1,1,January,3
1/19/2023,20230119,2023,Q1,1,January,3
1/20/2023,20230120,2023,Q1,1,January,3
1/21/2023,20230121,2023,Q1,1,January,3
1/22/2023,20230122,2023,Q1,1,January,3
1/23/2023,20230123,2023,Q1,1,January,4
1/24/2023,20230124,2023,Q1,1,January,4
1/25/2023,20230125,2023,Q1,1,January,4
1/26/2023,20230126,2023,Q1,1,January,4
1/27/2023,20230127,2023,Q1,1,January,4
1/28/2023,20230128,2023,Q1,1,January,4
1/29/2023,20230129,2023,Q1,1,January,4
1/30/2023,20230130,2023,Q1,1,January,5
1/31/2023,20230131,2023,Q1,1,January,5
2/1/2023,20230201,2023,Q1,2,February,5
2/2/2023,20230202,2023,Q1,2,February,5
2/3/2023,20230203,2023,Q1,2,February,5
2/4/2023,20230204,2023,Q1,2,February,5
2/5/2023,20230205,2023,Q1,2,February,5
2/6/2023,20230206,2023,Q1,2,February,6
2/7/2023,20230207,2023,Q1,2,February,6
2/8/2023,20230208,2023,Q1,2,February,6
2/9/2023,20230209,2023,Q1,2,February,6
2/10/2023,20230210,2023,Q1,2,February,6
2/11/2023,20230211,2023,Q1,2,February,6
2/12/2023,20230212,2023,Q1,2,February,6
2/13/2023,20230213,2023,Q1,2,February,7
2/14/2023,20230214,2023,Q1,2,February,7
2/15/2023,20230215,2023,Q1,2,February,7
2/16/2023,20230216,2023,Q1,2,February,7
2/17/2023,20230217,2023,Q1,2,February,7
2/18/2023,20230218,2023,Q1,2,February,7
2/19/2023,20230219,2023,Q1,2,February,7
2/20/2023,20230220,2023,Q1,2,February,8
2/21/2023,20230221,2023,Q1,2,February,8
2/22/2023,20230222,2023,Q1,2,February,8
2/23/2023,20230223,2023,Q1,2,February,8
2/24/2023,20230224,2023,Q1,2,February,8
2/25/2023,20230225,2023,Q1,2,February,8
2/26/2023,20230226,2023,Q1,2,February,8
2/27/2023,20230227,2023,Q1,2,February,9
2/28/2023,20230228,2023,Q1,2,February,9
3/1/2023,20230301,2023,Q1,3,March,9
3/2/2023,20230302,2023,Q1,3,March,9
3/3/2023,20230303,2023,Q1,3,March,9
3/4/2023,20230304,2023,Q1,3,March,9
3/5/2023,20230305,2023,Q1,3,March,9
3/6/2023,20230306,2023,Q1,3,March,10
3/7/2023,20230307,2023,Q1,3,March,10
3/8/2023,20230308,2023,Q1,3,March,10
3/9/2023,20230309,2023,Q1,3,March,10
3/10/2023,20230310,2023,Q1,3,March,10
3/11/2023,20230311,2023,Q1,3,March,10
3/12/2023,20230312,2023,Q1,3,March,10
3/13/2023,20230313,2023,Q1,3,March,11
3/14/2023,20230314,2023,Q1,3,March,11
3/15/2023,20230315,2023,Q1,3,March,11
3/16/2023,20230316,2023,Q1,3,March,11
3/17/2023,20230317,2023,Q1,3,March,11
3/18/2023,20230318,2023,Q1,3,March,11
3/19/2023,20230319,2023,Q1,3,March,11
3/20/2023,20230320,2023,Q1,3,March,12
3/21/2023,20230321,2023,Q1,3,March,12
3/22/2023,20230322,2023,Q1,3,March,12
3/23/2023,20230323,2023,Q1,3,March,12
3/24/2023,20230324,2023,Q1,3,March,12
3/25/2023,20230325,2023,Q1,3,March,12
3/26/2023,20230326,2023,Q1,3,March,12
3/27/2023,20230327,2023,Q1,3,March,13
3/28/2023,20230328,2023,Q1,3,March,13
3/29/2023,20230329,2023,Q1,3,March,13
3/30/2023,20230330,2023,Q1,3,March,13
3/31/2023,20230331,2023,Q1,3,March,13
4/1/2023,20230401,2023,Q2,4,April,13
4/2/2023,20230402,2023,Q2,4,April,13
4/3/2023,20230403,2023,Q2,4,April,14
4/4/2023,20230404,2023,Q2,4,April,14
4/5/2023,20230405,2023,Q2,4,April,14
4/6/2023,20230406,2023,Q2,4,April,14
4/7/2023,20230407,2023,Q2,4,April,14
4/8/2023,20230408,2023,Q2,4,April,14
4/9/2023,20230409,2023,Q2,4,April,14
4/10/2023,20230410,2023,Q2,4,April,15
4/11/2023,20230411,2023,Q2,4,April,15
4/12/2023,20230412,2023,Q2,4,April,15
4/13/2023,20230413,2023,Q2,4,April,15
4/14/2023,20230414,2023,Q2,4,April,15
4/15/2023,20230415,2023,Q2,4,April,15
4/16/2023,20230416,2023,Q2,4,April,15
4/17/2023,20230417,2023,Q2,4,April,16
4/18/2023,20230418,2023,Q2,4,April,16
4/19/2023,20230419,2023,Q2,4,April,16
4/20/2023,20230420,2023,Q2,4,April,16
4/21/2023,20230421,2023,Q2,4,April,16
4/22/2023,20230422,2023,Q2,4,April,16
4/23/2023,20230423,2023,Q2,4,April,16
4/24/2023,20230424,2023,Q2,4,April,17
4/25/2023,20230425,2023,Q2,4,April,17
4/26/2023,20230426,2023,Q2,4,April,17
4/27/2023,20230427,2023,Q2,4,April,17
4/28/2023,20230428,2023,Q2,4,April,17
4/29/2023,20230429,2023,Q2,4,April,17
4/30/2023,20230430,2023,Q2,4,April,17
5/1/2023,20230501,2023,Q2,5,May,18
5/2/2023,20230502,2023,Q2,5,May,18
5/3/2023,20230503,2023,Q2,5,May,18
5/4/2023,20230504,2023,Q2,5,May,18
5/5/2023,20230505,2023,Q2,5,May,18
5/6/2023,20230506,2023,Q2,5,May,18
5/7/2023,20230507,2023,Q2,5,May,18
5/8/2023,20230508,2023,Q2,5,May,19
5/9/2023,20230509,2023,Q2,5,May,19
5/10/2023,20230510,2023,Q2,5,May,19
5/11/2023,20230511,2023,Q2,5,May,19
5/12/2023,20230512,2023,Q2,5,May,19
5/13/2023,20230513,2023,Q2,5,May,19
5/14/2023,20230514,2023,Q2,5,May,19
5/15/2023,20230515,2023,Q2,5,May,20
5/16/2023,20230516,2023,Q2,5,May,20
5/17/2023,20230517,2023,Q2,5,May,20
5/18/2023,20230518,2023,Q2,5,May,20
5/19/2023,20230519,2023,Q2,5,May,20
5/20/2023,20230520,2023,Q2,5,May,20
5/21/2023,20230521,2023,Q2,5,May,20
5/22/2023,20230522,2023,Q2,5,May,21
5/23/2023,20230523,2023,Q2,5,May,21
5/24/2023,20230524,2023,Q2,5,May,21
5/25/2023,20230525,2023,Q2,5,May,21
5/26/2023,20230526,2023,Q2,5,May,21
5/27/2023,20230527,2023,Q2,5,May,21
5/28/2023,20230528,2023,Q2,5,May,21
5/29/2023,20230529,2023,Q2,5,May,22
5/30/2023,20230530,2023,Q2,5,May,22
5/31/2023,20230531,2023,Q2,5,May,22
6/1/2023,20230601,2023,Q2,6,June,22
6/2/2023,20230602,2023,Q2,6,June,22
6/3/2023,20230603,2023,Q2,6,June,22
6/4/2023,20230604,2023,Q2,6,June,22
6/5/2023,20230605,2023,Q2,6,June,23
6/6/2023,20230606,2023,Q2,6,June,23
6/7/2023,20230607,2023,Q2,6,June,23
6/8/2023,20230608,2023,Q2,6,June,23
6/9/2023,20230609,2023,Q2,6,June,23
6/10/2023,20230610,2023,Q2,6,June,23
6/11/2023,20230611,2023,Q2,6,June,23
6/12/2023,20230612,2023,Q2,6,June,24
6/13/2023,20230613,2023,Q2,6,June,24
6/14/2023,20230614,2023,Q2,6,June,24
6/15/2023,20230615,2023,Q2,6,June,24
6/16/2023,20230616,2023,Q2,6,June,24
6/17/2023,20230617,2023,Q2,6,June,24
6/18/2023,20230618,2023,Q2,6,June,24
6/19/2023,20230619,2023,Q2,6,June,25
6/20/2023,20230620,2023,Q2,6,June,25
6/21/2023,20230621,2023,Q2,6,June,25
6/22/2023,20230622,2023,Q2,6,June,25
6/23/2023,20230623,2023,Q2,6,June,25
6/24/2023,20230624,2023,Q2,6,June,25
6/25/2023,20230625,2023,Q2,6,June,25
6/26/2023,20230626,2023,Q2,6,June,26
6/27/2023,20230627,2023,Q2,6,June,26
6/28/2023,20230628,2023,Q2,6,June,26
6/29/2023,20230629,2023,Q2,6,June,26
6/30/2023,20230630,2023,Q2,6,June,26
7/1/2023,20230701,2023,Q3,7,July,26
7/2/2023,20230702,2023,Q3,7,July,26
7/3/2023,20230703,2023,Q3,7,July,27
7/4/2023,20230704,2023,Q3,7,July,27
7/5/2023,20230705,2023,Q3,7,July,27
7/6/2023,20230706,2023,Q3,7,July,27
7/7/2023,20230707,2023,Q3,7,July,27
7/8/2023,20230708,2023,Q3,7,July,27
7/9/2023,20230709,2023,Q3,7,July,27
7/10/2023,20230710,2023,Q3,7,July,28
7/11/2023,20230711,2023,Q3,7,July,28
7/12/2023,20230712,2023,Q3,7,July,28
7/13/2023,20230713,2023,Q3,7,July,28
7/14/2023,20230714,2023,Q3,7,July,28
7/15/2023,20230715,2023,Q3,7,July,28
7/16/2023,20230716,2023,Q3,7,July,28
7/17/2023,20230717,2023,Q3,7,July,29
7/18/2023,20230718,2023,Q3,7,July,29
7/19/2023,20230719,2023,Q3,7,July,29
7/20/2023,20230720,2023,Q3,7,July,29
7/21/2023,20230721,2023,Q3,7,July,29
7/22/2023,20230722,2023,Q3,7,July,29
7/23/2023,20230723,2023,Q3,7,July,29
7/24/2023,20230724,2023,Q3,7,July,30
7/25/2023,20230725,2023,Q3,7,July,30
7/26/2023,20230726,2023,Q3,7,July,30
7/27/2023,20230727,2023,Q3,7,July,30
7/28/2023,20230728,2023,Q3,7,July,30
7/29/2023,20230729,2023,Q3,7,July,30
7/30/2023,20230730,2023,Q3,7,July,30
7/31/2023,20230731,2023,Q3,7,July,31
8/1/2023,20230801,2023,Q3,8,August,31
8/2/2023,20230802,2023,Q3,8,August,31
8/3/2023,20230803,2023,Q3,8,August,31
8/4/2023,20230804,2023,Q3,8,August,31
8/5/2023,20230805,2023,Q3,8,August,31
8/6/2023,20230806,2023,Q3,8,August,31
8/7/2023,20230807,2023,Q3,8,August,32
8/8/2023,20230808,2023,Q3,8,August,32
8/9/2023,20230809,2023,Q3,8,August,32
8/10/2023,20230810,2023,Q3,8,August,32
8/11/2023,20230811,2023,Q3,8,August,32
8/12/2023,20230812,2023,Q3,8,August,32
8/13/2023,20230813,2023,Q3,8,August,32
8/14/2023,20230814,2023,Q3,8,August,33
8/15/2023,20230815,2023,Q3,8,August,33
8/16/2023,20230816,2023,Q3,8,August,33
8/17/2023,20230817,2023,Q3,8,August,33
8/18/2023,20230818,2023,Q3,8,August,33
8/19/2023,20230819,2023,Q3,8,August,33
8/20/2023,20230820,2023,Q3,8,August,33
8/21/2023,20230821,2023,Q3,8,August,34
8/22/2023,20230822,2023,Q3,8,August,34
8/23/2023,20230823,2023,Q3,8,August,34
8/24/2023,20230824,2023,Q3,8,August,34
8/25/2023,20230825,2023,Q3,8,August,34
8/26/2023,20230826,2023,Q3,8,August,34
8/27/2023,20230827,2023,Q3,8,August,34
8/28/2023,20230828,2023,Q3,8,August,35
8/29/2023,20230829,2023,Q3,8,August,35
8/30/2023,20230830,2023,Q3,8,August,35
8/31/2023,20230831,2023,Q3,8,August,35
9/1/2023,20230901,2023,Q3,9,September,35
9/2/2023,20230902,2023,Q3,9,September,35
9/3/2023,20230903,2023,Q3,9,September,35
9/4/2023,20230904,2023,Q3,9,September,36
9/5/2023,20230905,2023,Q3,9,September,36
9/6/2023,20230906,2023,Q3,9,September,36
9/7/2023,20230907,2023,Q3,9,September,36
9/8/2023,20230908,2023,Q3,9,September,36
9/9/2023,20230909,2023,Q3,9,September,36
9/10/2023,20230910,2023,Q3,9,September,36
9/11/2023,20230911,2023,Q3,9,September,37
9/12/2023,20230912,2023,Q3,9,September,37
9/13/2023,20230913,2023,Q3,9,September,37
9/14/2023,20230914,2023,Q3,9,September,37
9/15/2023,20230915,2023,Q3,9,September,37
9/16/2023,20230916,2023,Q3,9,September,37
9/17/2023,20230917,2023,Q3,9,September,37
9/18/2023,20230918,2023,Q3,9,September,38
9/19/2023,20230919,2023,Q3,9,September,38
9/20/2023,20230920,2023,Q3,9,September,38
9/21/2023,20230921,2023,Q3,9,September,38
9/22/2023,20230922,2023,Q3,9,September,38
9/23/2023,20230923,2023,Q3,9,September,38
9/24/2023,20230924,2023,Q3,9,September,38
9/25/2023,20230925,2023,Q3,9,September,39
9/26/2023,20230926,2023,Q3,9,September,39
9/27/2023,20230927,2023,Q3,9,September,39
9/28/2023,20230928,2023,Q3,9,September,39
9/29/2023,20230929,2023,Q3,9,September,39
9/30/2023,20230930,2023,Q3,9,September,39
10/1/2023,20231001,2023,Q4,10,October,39
10/2/2023,20231002,2023,Q4,10,October,40
10/3/2023,20231003,2023,Q4,10,October,40
10/4/2023,20231004,2023,Q4,10,October,40
10/5/2023,20231005,2023,Q4,10,October,40
10/6/2023,20231006,2023,Q4,10,October,40
10/7/2023,20231007,2023,Q4,10,October,40
10/8/2023,20231008,2023,Q4,10,October,40
10/9/2023,20231009,2023,Q4,10,October,41
10/10/2023,20231010,2023,Q4,10,October,41
10/11/2023,20231011,2023,Q4,10,October,41
10/12/2023,20231012,2023,Q4,10,October,41
10/13/2023,20231013,2023,Q4,10,October,41
10/14/2023,20231014,2023,Q4,10,October,41
10/15/2023,20231015,2023,Q4,10,October,41
10/16/2023,20231016,2023,Q4,10,October,42
10/17/2023,20231017,2023,Q4,10,October,42
10/18/2023,20231018,2023,Q4,10,October,42
10/19/2023,20231019,2023,Q4,10,October,42
10/20/2023,20231020,2023,Q4,10,October,42
10/21/2023,20231021,2023,Q4,10,October,42
10/22/2023,20231022,2023,Q4,10,October,42
10/23/2023,20231023,2023,Q4,10,October,43
10/24/2023,20231024,2023,Q4,10,October,43
10/25/2023,20231025,2023,Q4,10,October,43
10/26/2023,20231026,2023,Q4,10,October,43
10/27/2023,20231027,2023,Q4,10,October,43
10/28/2023,20231028,2023,Q4,10,October,43
10/29/2023,20231029,2023,Q4,10,October,43
10/30/2023,20231030,2023,Q4,10,October,44
10/31/2023,20231031,2023,Q4,10,October,44
11/1/2023,20231101,2023,Q4,11,November,44
11/2/2023,20231102,2023,Q4,11,November,44
11/3/2023,20231103,2023,Q4,11,November,44
11/4/2023,20231104,2023,Q4,11,November,44
11/5/2023,20231105,2023,Q4,11,November,44
11/6/2023,20231106,2023,Q4,11,November,45
11/7/2023,20231107,2023,Q4,11,November,45
11/8/2023,20231108,2023,Q4,11,November,45
11/9/2023,20231109,2023,Q4,11,November,45
11/10/2023,20231110,2023,Q4,11,November,45
11/11/2023,20231111,2023,Q4,11,November,45
11/12/2023,20231112,2023,Q4,11,November,45
11/13/2023,20231113,2023,Q4,11,November,46
11/14/2023,20231114,2023,Q4,11,November,46
11/15/2023,20231115,2023,Q4,11,November,46
11/16/2023,20231116,2023,Q4,11,November,46
11/17/2023,20231117,2023,Q4,11,November,46
11/18/2023,20231118,2023,Q4,11,November,46
11/19/2023,20231119,2023,Q4,11,November,46
11/20/2023,20231120,2023,Q4,11,November,47
11/21/2023,20231121,2023,Q4,11,November,47
11/22/2023,20231122,2023,Q4,11,November,47
11/23/2023,20231123,2023,Q4,11,November,47
11/24/2023,20231124,2023,Q4,11,November,47
11/25/2023,20231125,2023,Q4,11,November,47
11/26/2023,20231126,2023,Q4,11,November,47
11/27/2023,20231127,2023,Q4,11,November,48
11/28/2023,20231128,2023,Q4,11,November,48
11/29/2023,20231129,2023,Q4,11,November,48
11/30/2023,20231130,2023,Q4,11,November,48
12/1/2023,20231201,2023,Q4,12,December,48
12/2/2023,20231202,2023,Q4,12,December,48
12/3/2023,20231203,2023,Q4,12,December,48
12/4/2023,20231204,2023,Q4,12,December,49
12/5/2023,20231205,2023,Q4,12,December,49
12/6/2023,20231206,2023,Q4,12,December,49
12/7/2023,20231207,2023,Q4,12,December,49
12/8/2023,20231208,2023,Q4,12,December,49
12/9/2023,20231209,2023,Q4,12,December,49
12/10/2023,20231210,2023,Q4,12,December,49
12/11/2023,20231211,2023,Q4,12,December,50
12/12/2023,20231212,2023,Q4,12,December,50
12/13/2023,20231213,2023,Q4,12,December,50
12/14/2023,20231214,2023,Q4,12,December,50
12/15/2023,20231215,2023,Q4,12,December,50
12/16/2023,20231216,2023,Q4,12,December,50
12/17/2023,20231217,2023,Q4,12,December,50
12/18/2023,20231218,2023,Q4,12,December,51
12/19/2023,20231219,2023,Q4,12,December,51
12/20/2023,20231220,2023,Q4,12,December,51
12/21/2023,20231221,2023,Q4,12,December,51
12/22/2023,20231222,2023,Q4,12,December,51
12/23/2023,20231223,2023,Q4,12,December,51
12/24/2023,20231224,2023,Q4,12,December,51
12/25/2023,20231225,2023,Q4,12,December,52
12/26/2023,20231226,2023,Q4,12,December,52
12/27/2023,20231227,2023,Q4,12,December,52
12/28/2023,20231228,2023,Q4,12,December,52
12/29/2023,20231229,2023,Q4,12,December,52
12/30/2023,20231230,2023,Q4,12,December,52
12/31/2023,20231231,2023,Q4,12,December,52
1/1/2024,20240101,2024,Q1,1,January,1
1/2/2024,20240102,2024,Q1,1,January,1
1/3/2024,20240103,2024,Q1,1,January,1
1/4/2024,20240104,2024,Q1,1,January,1
1/5/2024,20240105,2024,Q1,1,January,1
1/6/2024,20240106,2024,Q1,1,January,1
1/7/2024,20240107,2024,Q1,1,January,1
1/8/2024,20240108,2024,Q1,1,January,2
1/9/2024,20240109,2024,Q1,1,January,2
1/10/2024,20240110,2024,Q1,1,January,2
1/11/2024,20240111,2024,Q1,1,January,2
1/12/2024,20240112,2024,Q1,1,January,2
1/13/2024,20240113,2024,Q1,1,January,2
1/14/2024,20240114,2024,Q1,1,January,2
1/15/2024,20240115,2024,Q1,1,January,3
1/16/2024,20240116,2024,Q1,1,January,3
1/17/2024,20240117,2024,Q1,1,January,3
1/18/2024,20240118,2024,Q1,1,January,3
1/19/2024,20240119,2024,Q1,1,January,3
1/20/2024,20240120,2024,Q1,1,January,3
1/21/2024,20240121,2024,Q1,1,January,3
1/22/2024,20240122,2024,Q1,1,January,4
1/23/2024,20240123,2024,Q1,1,January,4
1/24/2024,20240124,2024,Q1,1,January,4
1/25/2024,20240125,2024,Q1,1,January,4
1/26/2024,20240126,2024,Q1,1,January,4
1/27/2024,20240127,2024,Q1,1,January,4
1/28/2024,20240128,2024,Q1,1,January,4
1/29/2024,20240129,2024,Q1,1,January,5
1/30/2024,20240130,2024,Q1,1,January,5
1/31/2024,20240131,2024,Q1,1,January,5
2/1/2024,20240201,2024,Q1,2,February,5
2/2/2024,20240202,2024,Q1,2,February,5
2/3/2024,20240203,2024,Q1,2,February,5
2/4/2024,20240204,2024,Q1,2,February,5
2/5/2024,20240205,2024,Q1,2,February,6
2/6/2024,20240206,2024,Q1,2,February,6
2/7/2024,20240207,2024,Q1,2,February,6
2/8/2024,20240208,2024,Q1,2,February,6
2/9/2024,20240209,2024,Q1,2,February,6
2/10/2024,20240210,2024,Q1,2,February,6
2/11/2024,20240211,2024,Q1,2,February,6
2/12/2024,20240212,2024,Q1,2,February,7
2/13/2024,20240213,2024,Q1,2,February,7
2/14/2024,20240214,2024,Q1,2,February,7
2/15/2024,20240215,2024,Q1,2,February,7
2/16/2024,20240216,2024,Q1,2,February,7
2/17/2024,20240217,2024,Q1,2,February,7
2/18/2024,20240218,2024,Q1,2,February,7
2/19/2024,20240219,2024,Q1,2,February,8
2/20/2024,20240220,2024,Q1,2,February,8
2/21/2024,20240221,2024,Q1,2,February,8
2/22/2024,20240222,2024,Q1,2,February,8
2/23/2024,20240223,2024,Q1,2,February,8
2/24/2024,20240224,2024,Q1,2,February,8
2/25/2024,20240225,2024,Q1,2,February,8
2/26/2024,20240226,2024,Q1,2,February,9
2/27/2024,20240227,2024,Q1,2,February,9
2/28/2024,20240228,2024,Q1,2,February,9
2/29/2024,20240229,2024,Q1,2,February,9
3/1/2024,20240301,2024,Q1,3,March,9
3/2/2024,20240302,2024,Q1,3,March,9
3/3/2024,20240303,2024,Q1,3,March,9
3/4/2024,20240304,2024,Q1,3,March,10
3/5/2024,20240305,2024,Q1,3,March,10
3/6/2024,20240306,2024,Q1,3,March,10
3/7/2024,20240307,2024,Q1,3,March,10
3/8/2024,20240308,2024,Q1,3,March,10
3/9/2024,20240309,2024,Q1,3,March,10
3/10/2024,20240310,2024,Q1,3,March,10
3/11/2024,20240311,2024,Q1,3,March,11
3/12/2024,20240312,2024,Q1,3,March,11
3/13/2024,20240313,2024,Q1,3,March,11
3/14/2024,20240314,2024,Q1,3,March,11
3/15/2024,20240315,2024,Q1,3,March,11
3/16/2024,20240316,2024,Q1,3,March,11
3/17/2024,20240317,2024,Q1,3,March,11
3/18/2024,20240318,2024,Q1,3,March,12
3/19/2024,20240319,2024,Q1,3,March,12
3/20/2024,20240320,2024,Q1,3,March,12
3/21/2024,20240321,2024,Q1,3,March,12
3/22/2024,20240322,2024,Q1,3,March,12
3/23/2024,20240323,2024,Q1,3,March,12
3/24/2024,20240324,2024,Q1,3,March,12
3/25/2024,20240325,2024,Q1,3,March,13
3/26/2024,20240326,2024,Q1,3,March,13
3/27/2024,20240327,2024,Q1,3,March,13
3/28/2024,20240328,2024,Q1,3,March,13
3/29/2024,20240329,2024,Q1,3,March,13
3/30/2024,20240330,2024,Q1,3,March,13
3/31/2024,20240331,2024,Q1,3,March,13
4/1/2024,20240401,2024,Q2,4,April,14
4/2/2024,20240402,2024,Q2,4,April,14
4/3/2024,20240403,2024,Q2,4,April,14
4/4/2024,20240404,2024,Q2,4,April,14
4/5/2024,20240405,2024,Q2,4,April,14
4/6/2024,20240406,2024,Q2,4,April,14
4/7/2024,20240407,2024,Q2,4,April,14
4/8/2024,20240408,2024,Q2,4,April,15
4/9/2024,20240409,2024,Q2,4,April,15
4/10/2024,20240410,2024,Q2,4,April,15
4/11/2024,20240411,2024,Q2,4,April,15
4/12/2024,20240412,2024,Q2,4,April,15
4/13/2024,20240413,2024,Q2,4,April,15
4/14/2024,20240414,2024,Q2,4,April,15
4/15/2024,20240415,2024,Q2,4,April,16
4/16/2024,20240416,2024,Q2,4,April,16
4/17/2024,20240417,2024,Q2,4,April,16
4/18/2024,20240418,2024,Q2,4,April,16
4/19/2024,20240419,2024,Q2,4,April,16
4/20/2024,20240420,2024,Q2,4,April,16
4/21/2024,20240421,2024,Q2,4,April,16
4/22/2024,20240422,2024,Q2,4,April,17
4/23/2024,20240423,2024,Q2,4,April,17
4/24/2024,20240424,2024,Q2,4,April,17
4/25/2024,20240425,2024,Q2,4,April,17
4/26/2024,20240426,2024,Q2,4,April,17
4/27/2024,20240427,2024,Q2,4,April,17
4/28/2024,20240428,2024,Q2,4,April,17
4/29/2024,20240429,2024,Q2,4,April,18
4/30/2024,20240430,2024,Q2,4,April,18
5/1/2024,20240501,2024,Q2,5,May,18
5/2/2024,20240502,2024,Q2,5,May,18
5/3/2024,20240503,2024,Q2,5,May,18
5/4/2024,20240504,2024,Q2,5,May,18
5/5/2024,20240505,2024,Q2,5,May,18
5/6/2024,20240506,2024,Q2,5,May,19
5/7/2024,20240507,2024,Q2,5,May,19
5/8/2024,20240508,2024,Q2,5,May,19
5/9/2024,20240509,2024,Q2,5,May,19
5/10/2024,20240510,2024,Q2,5,May,19
5/11/2024,20240511,2024,Q2,5,May,19
5/12/2024,20240512,2024,Q2,5,May,19
5/13/2024,20240513,2024,Q2,5,May,20
5/14/2024,20240514,2024,Q2,5,May,20
5/15/2024,20240515,2024,Q2,5,May,20
5/16/2024,20240516,2024,Q2,5,May,20
5/17/2024,20240517,2024,Q2,5,May,20
5/18/2024,20240518,2024,Q2,5,May,20
5/19/2024,20240519,2024,Q2,5,May,20
5/20/2024,20240520,2024,Q2,5,May,21
5/21/2024,20240521,2024,Q2,5,May,21
5/22/2024,20240522,2024,Q2,5,May,21
5/23/2024,20240523,2024,Q2,5,May,21
5/24/2024,20240524,2024,Q2,5,May,21
5/25/2024,20240525,2024,Q2,5,May,21
5/26/2024,20240526,2024,Q2,5,May,21
5/27/2024,20240527,2024,Q2,5,May,22
5/28/2024,20240528,2024,Q2,5,May,22
5/29/2024,20240529,2024,Q2,5,May,22
5/30/2024,20240530,2024,Q2,5,May,22
5/31/2024,20240531,2024,Q2,5,May,22
6/1/2024,20240601,2024,Q2,6,June,22
6/2/2024,20240602,2024,Q2,6,June,22
6/3/2024,20240603,2024,Q2,6,June,23
6/4/2024,20240604,2024,Q2,6,June,23
6/5/2024,20240605,2024,Q2,6,June,23
6/6/2024,20240606,2024,Q2,6,June,23
6/7/2024,20240607,2024,Q2,6,June,23
6/8/2024,20240608,2024,Q2,6,June,23
6/9/2024,20240609,2024,Q2,6,June,23
6/10/2024,20240610,2024,Q2,6,June,24
6/11/2024,20240611,2024,Q2,6,June,24
6/12/2024,20240612,2024,Q2,6,June,24
6/13/2024,20240613,2024,Q2,6,June,24
6/14/2024,20240614,2024,Q2,6,June,24
6/15/2024,20240615,2024,Q2,6,June,24
6/16/2024,20240616,2024,Q2,6,June,24
6/17/2024,20240617,2024,Q2,6,June,25
6/18/2024,20240618,2024,Q2,6,June,25
6/19/2024,20240619,2024,Q2,6,June,25
6/20/2024,20240620,2024,Q2,6,June,25
6/21/2024,20240621,2024,Q2,6,June,25
6/22/2024,20240622,2024,Q2,6,June,25
6/23/2024,20240623,2024,Q2,6,June,25
6/24/2024,20240624,2024,Q2,6,June,26
6/25/2024,20240625,2024,Q2,6,June,26
6/26/2024,20240626,2024,Q2,6,June,26
6/27/2024,20240627,2024,Q2,6,June,26
6/28/2024,20240628,2024,Q2,6,June,26
6/29/2024,20240629,2024,Q2,6,June,26
6/30/2024,20240630,2024,Q2,6,June,26
7/1/2024,20240701,2024,Q3,7,July,27
7/2/2024,20240702,2024,Q3,7,July,27
7/3/2024,20240703,2024,Q3,7,July,27
7/4/2024,20240704,2024,Q3,7,July,27
7/5/2024,20240705,2024,Q3,7,July,27
7/6/2024,20240706,2024,Q3,7,July,27
7/7/2024,20240707,2024,Q3,7,July,27
7/8/2024,20240708,2024,Q3,7,July,28
7/9/2024,20240709,2024,Q3,7,July,28
7/10/2024,20240710,2024,Q3,7,July,28
7/11/2024,20240711,2024,Q3,7,July,28
7/12/2024,20240712,2024,Q3,7,July,28
7/13/2024,20240713,2024,Q3,7,July,28
7/14/2024,20240714,2024,Q3,7,July,28
7/15/2024,20240715,2024,Q3,7,July,29
7/16/2024,20240716,2024,Q3,7,July,29
7/17/2024,20240717,2024,Q3,7,July,29
7/18/2024,20240718,2024,Q3,7,July,29
7/19/2024,20240719,2024,Q3,7,July,29
7/20/2024,20240720,2024,Q3,7,July,29
7/21/2024,20240721,2024,Q3,7,July,29
7/22/2024,20240722,2024,Q3,7,July,30
7/23/2024,20240723,2024,Q3,7,July,30
7/24/2024,20240724,2024,Q3,7,July,30
7/25/2024,20240725,2024,Q3,7,July,30
7/26/2024,20240726,2024,Q3,7,July,30
7/27/2024,20240727,2024,Q3,7,July,30
7/28/2024,20240728,2024,Q3,7,July,30
7/29/2024,20240729,2024,Q3,7,July,31
7/30/2024,20240730,2024,Q3,7,July,31
7/31/2024,20240731,2024,Q3,7,July,31
8/1/2024,20240801,2024,Q3,8,August,31
8/2/2024,20240802,2024,Q3,8,August,31
8/3/2024,20240803,2024,Q3,8,August,31
8/4/2024,20240804,2024,Q3,8,August,31
8/5/2024,20240805,2024,Q3,8,August,32
8/6/2024,20240806,2024,Q3,8,August,32
8/7/2024,20240807,2024,Q3,8,August,32
8/8/2024,20240808,2024,Q3,8,August,32
8/9/2024,20240809,2024,Q3,8,August,32
8/10/2024,20240810,2024,Q3,8,August,32
8/11/2024,20240811,2024,Q3,8,August,32
8/12/2024,20240812,2024,Q3,8,August,33
8/13/2024,20240813,2024,Q3,8,August,33
8/14/2024,20240814,2024,Q3,8,August,33
8/15/2024,20240815,2024,Q3,8,August,33
8/16/2024,20240816,2024,Q3,8,August,33
8/17/2024,20240817,2024,Q3,8,August,33
8/18/2024,20240818,2024,Q3,8,August,33
8/19/2024,20240819,2024,Q3,8,August,34
8/20/2024,20240820,2024,Q3,8,August,34
8/21/2024,20240821,2024,Q3,8,August,34
8/22/2024,20240822,2024,Q3,8,August,34
8/23/2024,20240823,2024,Q3,8,August,34
8/24/2024,20240824,2024,Q3,8,August,34
8/25/2024,20240825,2024,Q3,8,August,34
8/26/2024,20240826,2024,Q3,8,August,35
8/27/2024,20240827,2024,Q3,8,August,35
8/28/2024,20240828,2024,Q3,8,August,35
8/29/2024,20240829,2024,Q3,8,August,35
8/30/2024,20240830,2024,Q3,8,August,35
8/31/2024,20240831,2024,Q3,8,August,35
9/1/2024,20240901,2024,Q3,9,September,35
9/2/2024,20240902,2024,Q3,9,September,36
9/3/2024,20240903,2024,Q3,9,September,36
9/4/2024,20240904,2024,Q3,9,September,36
9/5/2024,20240905,2024,Q3,9,September,36
9/6/2024,20240906,2024,Q3,9,September,36
9/7/2024,20240907,2024,Q3,9,September,36
9/8/2024,20240908,2024,Q3,9,September,36
9/9/2024,20240909,2024,Q3,9,September,37
9/10/2024,20240910,2024,Q3,9,September,37
9/11/2024,20240911,2024,Q3,9,September,37
9/12/2024,20240912,2024,Q3,9,September,37
9/13/2024,20240913,2024,Q3,9,September,37
9/14/2024,20240914,2024,Q3,9,September,37
9/15/2024,20240915,2024,Q3,9,September,37
9/16/2024,20240916,2024,Q3,9,September,38
9/17/2024,20240917,2024,Q3,9,September,38
9/18/2024,20240918,2024,Q3,9,September,38
9/19/2024,20240919,2024,Q3,9,September,38
9/20/2024,20240920,2024,Q3,9,September,38
9/21/2024,20240921,2024,Q3,9,September,38
9/22/2024,20240922,2024,Q3,9,September,38
9/23/2024,20240923,2024,Q3,9,September,39
9/24/2024,20240924,2024,Q3,9,September,39
9/25/2024,20240925,2024,Q3,9,September,39
9/26/2024,20240926,2024,Q3,9,September,39
9/27/2024,20240927,2024,Q3,9,September,39
9/28/2024,20240928,2024,Q3,9,September,39
9/29/2024,20240929,2024,Q3,9,September,39
9/30/2024,20240930,2024,Q3,9,September,40
10/1/2024,20241001,2024,Q4,10,October,40
10/2/2024,20241002,2024,Q4,10,October,40
10/3/2024,20241003,2024,Q4,10,October,40
10/4/2024,20241004,2024,Q4,10,October,40
10/5/2024,20241005,2024,Q4,10,October,40
10/6/2024,20241006,2024,Q4,10,October,40
10/7/2024,20241007,2024,Q4,10,October,41
10/8/2024,20241008,2024,Q4,10,October,41
10/9/2024,20241009,2024,Q4,10,October,41
10/10/2024,20241010,2024,Q4,10,October,41
10/11/2024,20241011,2024,Q4,10,October,41
10/12/2024,20241012,2024,Q4,10,October,41
10/13/2024,20241013,2024,Q4,10,October,41
10/14/2024,20241014,2024,Q4,10,October,42
10/15/2024,20241015,2024,Q4,10,October,42
10/16/2024,20241016,2024,Q4,10,October,42
10/17/2024,20241017,2024,Q4,10,October,42
10/18/2024,20241018,2024,Q4,10,October,42
10/19/2024,20241019,2024,Q4,10,October,42
10/20/2024,20241020,2024,Q4,10,October,42
10/21/2024,20241021,2024,Q4,10,October,43
10/22/2024,20241022,2024,Q4,10,October,43
10/23/2024,20241023,2024,Q4,10,October,43
10/24/2024,20241024,2024,Q4,10,October,43
10/25/2024,20241025,2024,Q4,10,October,43
10/26/2024,20241026,2024,Q4,10,October,43
10/27/2024,20241027,2024,Q4,10,October,43
10/28/2024,20241028,2024,Q4,10,October,44
10/29/2024,20241029,2024,Q4,10,October,44
10/30/2024,20241030,2024,Q4,10,October,44
10/31/2024,20241031,2024,Q4,10,October,44
11/1/2024,20241101,2024,Q4,11,November,44
11/2/2024,20241102,2024,Q4,11,November,44
11/3/2024,20241103,2024,Q4,11,November,44
11/4/2024,20241104,2024,Q4,11,November,45
11/5/2024,20241105,2024,Q4,11,November,45
11/6/2024,20241106,2024,Q4,11,November,45
11/7/2024,20241107,2024,Q4,11,November,45
11/8/2024,20241108,2024,Q4,11,November,45
11/9/2024,20241109,2024,Q4,11,November,45
11/10/2024,20241110,2024,Q4,11,November,45
11/11/2024,20241111,2024,Q4,11,November,46
11/12/2024,20241112,2024,Q4,11,November,46
11/13/2024,20241113,2024,Q4,11,November,46
11/14/2024,20241114,2024,Q4,11,November,46
11/15/2024,20241115,2024,Q4,11,November,46
11/16/2024,20241116,2024,Q4,11,November,46
11/17/2024,20241117,2024,Q4,11,November,46
11/18/2024,20241118,2024,Q4,11,November,47
11/19/2024,20241119,2024,Q4,11,November,47
11/20/2024,20241120,2024,Q4,11,November,47
11/21/2024,20241121,2024,Q4,11,November,47
11/22/2024,20241122,2024,Q4,11,November,47
11/23/2024,20241123,2024,Q4,11,November,47
11/24/2024,20241124,2024,Q4,11,November,47
11/25/2024,20241125,2024,Q4,11,November,48
11/26/2024,20241126,2024,Q4,11,November,48
11/27/2024,20241127,2024,Q4,11,November,48
11/28/2024,20241128,2024,Q4,11,November,48
11/29/2024,20241129,2024,Q4,11,November,48
11/30/2024,20241130,2024,Q4,11,November,48
12/1/2024,20241201,2024,Q4,12,December,48
12/2/2024,20241202,2024,Q4,12,December,49
12/3/2024,20241203,2024,Q4,12,December,49
12/4/2024,20241204,2024,Q4,12,December,49
12/5/2024,20241205,2024,Q4,12,December,49
12/6/2024,20241206,2024,Q4,12,December,49
12/7/2024,20241207,2024,Q4,12,December,49
12/8/2024,20241208,2024,Q4,12,December,49
12/9/2024,20241209,2024,Q4,12,December,50
12/10/2024,20241210,2024,Q4,12,December,50
12/11/2024,20241211,2024,Q4,12,December,50
12/12/2024,20241212,2024,Q4,12,December,50
12/13/2024,20241213,2024,Q4,12,December,50
12/14/2024,20241214,2024,Q4,12,December,50
12/15/2024,20241215,2024,Q4,12,December,50
12/16/2024,20241216,2024,Q4,12,December,51
12/17/2024,20241217,2024,Q4,12,December,51
12/18/2024,20241218,2024,Q4,12,December,51
12/19/2024,20241219,2024,Q4,12,December,51
12/20/2024,20241220,2024,Q4,12,December,51
12/21/2024,20241221,2024,Q4,12,December,51
12/22/2024,20241222,2024,Q4,12,December,51
12/23/2024,20241223,2024,Q4,12,December,52
12/24/2024,20241224,2024,Q4,12,December,52
12/25/2024,20241225,2024,Q4,12,December,52
12/26/2024,20241226,2024,Q4,12,December,52
12/27/2024,20241227,2024,Q4,12,December,52
12/28/2024,20241228,2024,Q4,12,December,52
12/29/2024,20241229,2024,Q4,12,December,52
12/30/2024,20241230,2024,Q4,12,December,1
12/31/2024,20241231,2024,Q4,12,December,1
1/1/2025,20250101,2025,Q1,1,January,1
1/2/2025,20250102,2025,Q1,1,January,1
1/3/2025,20250103,2025,Q1,1,January,1
1/4/2025,20250104,2025,Q1,1,January,1
1/5/2025,20250105,2025,Q1,1,January,1
1/6/2025,20250106,2025,Q1,1,January,2
1/7/2025,20250107,2025,Q1,1,January,2
1/8/2025,20250108,2025,Q1,1,January,2
1/9/2025,20250109,2025,Q1,1,January,2
1/10/2025,20250110,2025,Q1,1,January,2
1/11/2025,20250111,2025,Q1,1,January,2
1/12/2025,20250112,2025,Q1,1,January,2
1/13/2025,20250113,2025,Q1,1,January,3
1/14/2025,20250114,2025,Q1,1,January,3
1/15/2025,20250115,2025,Q1,1,January,3
1/16/2025,20250116,2025,Q1,1,January,3
1/17/2025,20250117,2025,Q1,1,January,3
1/18/2025,20250118,2025,Q1,1,January,3
1/19/2025,20250119,2025,Q1,1,January,3
1/20/2025,20250120,2025,Q1,1,January,4
1/21/2025,20250121,2025,Q1,1,January,4
1/22/2025,20250122,2025,Q1,1,January,4
1/23/2025,20250123,2025,Q1,1,January,4
1/24/2025,20250124,2025,Q1,1,January,4
1/25/2025,20250125,2025,Q1,1,January,4
1/26/2025,20250126,2025,Q1,1,January,4
1/27/2025,20250127,2025,Q1,1,January,5
1/28/2025,20250128,2025,Q1,1,January,5
1/29/2025,20250129,2025,Q1,1,January,5
1/30/2025,20250130,2025,Q1,1,January,5
1/31/2025,20250131,2025,Q1,1,January,5
2/1/2025,20250201,2025,Q1,2,February,5
2/2/2025,20250202,2025,Q1,2,February,5
2/3/2025,20250203,2025,Q1,2,February,6
2/4/2025,20250204,2025,Q1,2,February,6
2/5/2025,20250205,2025,Q1,2,February,6
2/6/2025,20250206,2025,Q1,2,February,6
2/7/2025,20250207,2025,Q1,2,February,6
2/8/2025,20250208,2025,Q1,2,February,6
2/9/2025,20250209,2025,Q1,2,February,6
2/10/2025,20250210,2025,Q1,2,February,7
2/11/2025,20250211,2025,Q1,2,February,7
2/12/2025,20250212,2025,Q1,2,February,7
2/13/2025,20250213,2025,Q1,2,February,7
2/14/2025,20250214,2025,Q1,2,February,7
2/15/2025,20250215,2025,Q1,2,February,7
2/16/2025,20250216,2025,Q1,2,February,7
2/17/2025,20250217,2025,Q1,2,February,8
2/18/2025,20250218,2025,Q1,2,February,8
2/19/2025,20250219,2025,Q1,2,February,8
2/20/2025,20250220,2025,Q1,2,February,8
2/21/2025,20250221,2025,Q1,2,February,8
2/22/2025,20250222,2025,Q1,2,February,8
2/23/2025,20250223,2025,Q1,2,February,8
2/24/2025,20250224,2025,Q1,2,February,9
2/25/2025,20250225,2025,Q1,2,February,9
2/26/2025,20250226,2025,Q1,2,February,9
2/27/2025,20250227,2025,Q1,2,February,9
2/28/2025,20250228,2025,Q1,2,February,9
3/1/2025,20250301,2025,Q1,3,March,9
3/2/2025,20250302,2025,Q1,3,March,9
3/3/2025,20250303,2025,Q1,3,March,10
3/4/2025,20250304,2025,Q1,3,March,10
3/5/2025,20250305,2025,Q1,3,March,10
3/6/2025,20250306,2025,Q1,3,March,10
3/7/2025,20250307,2025,Q1,3,March,10
3/8/2025,20250308,2025,Q1,3,March,10
3/9/2025,20250309,2025,Q1,3,March,10
3/10/2025,20250310,2025,Q1,3,March,11
3/11/2025,20250311,2025,Q1,3,March,11
3/12/2025,20250312,2025,Q1,3,March,11
3/13/2025,20250313,2025,Q1,3,March,11
3/14/2025,20250314,2025,Q1,3,March,11
3/15/2025,20250315,2025,Q1,3,March,11
3/16/2025,20250316,2025,Q1,3,March,11
3/17/2025,20250317,2025,Q1,3,March,12
3/18/2025,20250318,2025,Q1,3,March,12
3/19/2025,20250319,2025,Q1,3,March,12
3/20/2025,20250320,2025,Q1,3,March,12
3/21/2025,20250321,2025,Q1,3,March,12
3/22/2025,20250322,2025,Q1,3,March,12
3/23/2025,20250323,2025,Q1,3,March,12
3/24/2025,20250324,2025,Q1,3,March,13
3/25/2025,20250325,2025,Q1,3,March,13
3/26/2025,20250326,2025,Q1,3,March,13
3/27/2025,20250327,2025,Q1,3,March,13
3/28/2025,20250328,2025,Q1,3,March,13
3/29/2025,20250329,2025,Q1,3,March,13
3/30/2025,20250330,2025,Q1,3,March,13
3/31/2025,20250331,2025,Q1,3,March,14
4/1/2025,20250401,2025,Q2,4,April,14
4/2/2025,20250402,2025,Q2,4,April,14
4/3/2025,20250403,2025,Q2,4,April,14
4/4/2025,20250404,2025,Q2,4,April,14
4/5/2025,20250405,2025,Q2,4,April,14
4/6/2025,20250406,2025,Q2,4,April,14
4/7/2025,20250407,2025,Q2,4,April,15
4/8/2025,20250408,2025,Q2,4,April,15
4/9/2025,20250409,2025,Q2,4,April,15
4/10/2025,20250410,2025,Q2,4,April,15
4/11/2025,20250411,2025,Q2,4,April,15
4/12/2025,20250412,2025,Q2,4,April,15
4/13/2025,20250413,2025,Q2,4,April,15
4/14/2025,20250414,2025,Q2,4,April,16
4/15/2025,20250415,2025,Q2,4,April,16
4/16/2025,20250416,2025,Q2,4,April,16
4/17/2025,20250417,2025,Q2,4,April,16
4/18/2025,20250418,2025,Q2,4,April,16
4/19/2025,20250419,2025,Q2,4,April,16
4/20/2025,20250420,2025,Q2,4,April,16
4/21/2025,20250421,2025,Q2,4,April,17
4/22/2025,20250422,2025,Q2,4,April,17
4/23/2025,20250423,2025,Q2,4,April,17
4/24/2025,20250424,2025,Q2,4,April,17
4/25/2025,20250425,2025,Q2,4,April,17
4/26/2025,20250426,2025,Q2,4,April,17
4/27/2025,20250427,2025,Q2,4,April,17
4/28/2025,20250428,2025,Q2,4,April,18
4/29/2025,20250429,2025,Q2,4,April,18
4/30/2025,20250430,2025,Q2,4,April,18
5/1/2025,20250501,2025,Q2,5,May,18
5/2/2025,20250502,2025,Q2,5,May,18
5/3/2025,20250503,2025,Q2,5,May,18
5/4/2025,20250504,2025,Q2,5,May,18
5/5/2025,20250505,2025,Q2,5,May,19
5/6/2025,20250506,2025,Q2,5,May,19
5/7/2025,20250507,2025,Q2,5,May,19
5/8/2025,20250508,2025,Q2,5,May,19
5/9/2025,20250509,2025,Q2,5,May,19
5/10/2025,20250510,2025,Q2,5,May,19
5/11/2025,20250511,2025,Q2,5,May,19
5/12/2025,20250512,2025,Q2,5,May,20
5/13/2025,20250513,2025,Q2,5,May,20
5/14/2025,20250514,2025,Q2,5,May,20
5/15/2025,20250515,2025,Q2,5,May,20
5/16/2025,20250516,2025,Q2,5,May,20
5/17/2025,20250517,2025,Q2,5,May,20
5/18/2025,20250518,2025,Q2,5,May,20
5/19/2025,20250519,2025,Q2,5,May,21
5/20/2025,20250520,2025,Q2,5,May,21
5/21/2025,20250521,2025,Q2,5,May,21
5/22/2025,20250522,2025,Q2,5,May,21
5/23/2025,20250523,2025,Q2,5,May,21
5/24/2025,20250524,2025,Q2,5,May,21
5/25/2025,20250525,2025,Q2,5,May,21
5/26/2025,20250526,2025,Q2,5,May,22
5/27/2025,20250527,2025,Q2,5,May,22
5/28/2025,20250528,2025,Q2,5,May,22
5/29/2025,20250529,2025,Q2,5,May,22
5/30/2025,20250530,2025,Q2,5,May,22
5/31/2025,20250531,2025,Q2,5,May,22
6/1/2025,20250601,2025,Q2,6,June,22
6/2/2025,20250602,2025,Q2,6,June,23
6/3/2025,20250603,2025,Q2,6,June,23
6/4/2025,20250604,2025,Q2,6,June,23
6/5/2025,20250605,2025,Q2,6,June,23
6/6/2025,20250606,2025,Q2,6,June,23
6/7/2025,20250607,2025,Q2,6,June,23
6/8/2025,20250608,2025,Q2,6,June,23
6/9/2025,20250609,2025,Q2,6,June,24
6/10/2025,20250610,2025,Q2,6,June,24
6/11/2025,20250611,2025,Q2,6,June,24
6/12/2025,20250612,2025,Q2,6,June,24
6/13/2025,20250613,2025,Q2,6,June,24
6/14/2025,20250614,2025,Q2,6,June,24
6/15/2025,20250615,2025,Q2,6,June,24
6/16/2025,20250616,2025,Q2,6,June,25
6/17/2025,20250617,2025,Q2,6,June,25
6/18/2025,20250618,2025,Q2,6,June,25
6/19/2025,20250619,2025,Q2,6,June,25
6/20/2025,20250620,2025,Q2,6,June,25
6/21/2025,20250621,2025,Q2,6,June,25
6/22/2025,20250622,2025,Q2,6,June,25
6/23/2025,20250623,2025,Q2,6,June,26
6/24/2025,20250624,2025,Q2,6,June,26
6/25/2025,20250625,2025,Q2,6,June,26
6/26/2025,20250626,2025,Q2,6,June,26
6/27/2025,20250627,2025,Q2,6,June,26
6/28/2025,20250628,2025,Q2,6,June,26
6/29/2025,20250629,2025,Q2,6,June,26
6/30/2025,20250630,2025,Q2,6,June,27
7/1/2025,20250701,2025,Q3,7,July,27
7/2/2025,20250702,2025,Q3,7,July,27
7/3/2025,20250703,2025,Q3,7,July,27
7/4/2025,20250704,2025,Q3,7,July,27
7/5/2025,20250705,2025,Q3,7,July,27
7/6/2025,20250706,2025,Q3,7,July,27
7/7/2025,20250707,2025,Q3,7,July,28
7/8/2025,20250708,2025,Q3,7,July,28
7/9/2025,20250709,2025,Q3,7,July,28
7/10/2025,20250710,2025,Q3,7,July,28
7/11/2025,20250711,2025,Q3,7,July,28
7/12/2025,20250712,2025,Q3,7,July,28
7/13/2025,20250713,2025,Q3,7,July,28
7/14/2025,20250714,2025,Q3,7,July,29
7/15/2025,20250715,2025,Q3,7,July,29
7/16/2025,20250716,2025,Q3,7,July,29
7/17/2025,20250717,2025,Q3,7,July,29
7/18/2025,20250718,2025,Q3,7,July,29
7/19/2025,20250719,2025,Q3,7,July,29
7/20/2025,20250720,2025,Q3,7,July,29
7/21/2025,20250721,2025,Q3,7,July,30
7/22/2025,20250722,2025,Q3,7,July,30
7/23/2025,20250723,2025,Q3,7,July,30
7/24/2025,20250724,2025,Q3,7,July,30
7/25/2025,20250725,2025,Q3,7,July,30
7/26/2025,20250726,2025,Q3,7,July,30
7/27/2025,20250727,2025,Q3,7,July,30
7/28/2025,20250728,2025,Q3,7,July,31
7/29/2025,20250729,2025,Q3,7,July,31
7/30/2025,20250730,2025,Q3,7,July,31
7/31/2025,20250731,2025,Q3,7,July,31
8/1/2025,20250801,2025,Q3,8,August,31
8/2/2025,20250802,2025,Q3,8,August,31
8/3/2025,20250803,2025,Q3,8,August,31
8/4/2025,20250804,2025,Q3,8,August,32
8/5/2025,20250805,2025,Q3,8,August,32
8/6/2025,20250806,2025,Q3,8,August,32
8/7/2025,20250807,2025,Q3,8,August,32
8/8/2025,20250808,2025,Q3,8,August,32
8/9/2025,20250809,2025,Q3,8,August,32
8/10/2025,20250810,2025,Q3,8,August,32
8/11/2025,20250811,2025,Q3,8,August,33
8/12/2025,20250812,2025,Q3,8,August,33
8/13/2025,20250813,2025,Q3,8,August,33
8/14/2025,20250814,2025,Q3,8,August,33
8/15/2025,20250815,2025,Q3,8,August,33
8/16/2025,20250816,2025,Q3,8,August,33
8/17/2025,20250817,2025,Q3,8,August,33
8/18/2025,20250818,2025,Q3,8,August,34
8/19/2025,20250819,2025,Q3,8,August,34
8/20/2025,20250820,2025,Q3,8,August,34
8/21/2025,20250821,2025,Q3,8,August,34
8/22/2025,20250822,2025,Q3,8,August,34
8/23/2025,20250823,2025,Q3,8,August,34
8/24/2025,20250824,2025,Q3,8,August,34
8/25/2025,20250825,2025,Q3,8,August,35
8/26/2025,20250826,2025,Q3,8,August,35
8/27/2025,20250827,2025,Q3,8,August,35
8/28/2025,20250828,2025,Q3,8,August,35
8/29/2025,20250829,2025,Q3,8,August,35
8/30/2025,20250830,2025,Q3,8,August,35
8/31/2025,20250831,2025,Q3,8,August,35
9/1/2025,20250901,2025,Q3,9,September,36
9/2/2025,20250902,2025,Q3,9,September,36
9/3/2025,20250903,2025,Q3,9,September,36
9/4/2025,20250904,2025,Q3,9,September,36
9/5/2025,20250905,2025,Q3,9,September,36
9/6/2025,20250906,2025,Q3,9,September,36
9/7/2025,20250907,2025,Q3,9,September,36
9/8/2025,20250908,2025,Q3,9,September,37
9/9/2025,20250909,2025,Q3,9,September,37
9/10/2025,20250910,2025,Q3,9,September,37
9/11/2025,20250911,2025,Q3,9,September,37
9/12/2025,20250912,2025,Q3,9,September,37
9/13/2025,20250913,2025,Q3,9,September,37
9/14/2025,20250914,2025,Q3,9,September,37
9/15/2025,20250915,2025,Q3,9,September,38
9/16/2025,20250916,2025,Q3,9,September,38
9/17/2025,20250917,2025,Q3,9,September,38
9/18/2025,20250918,2025,Q3,9,September,38
9/19/2025,20250919,2025,Q3,9,September,38
9/20/2025,20250920,2025,Q3,9,September,38
9/21/2025,20250921,2025,Q3,9,September,38
9/22/2025,20250922,2025,Q3,9,September,39
9/23/2025,20250923,2025,Q3,9,September,39
9/24/2025,20250924,2025,Q3,9,September,39
9/25/2025,20250925,2025,Q3,9,September,39
9/26/2025,20250926,2025,Q3,9,September,39
9/27/2025,20250927,2025,Q3,9,September,39
9/28/2025,20250928,2025,Q3,9,September,39
9/29/2025,20250929,2025,Q3,9,September,40
9/30/2025,20250930,2025,Q3,9,September,40
10/1/2025,20251001,2025,Q4,10,October,40
10/2/2025,20251002,2025,Q4,10,October,40
10/3/2025,20251003,2025,Q4,10,October,40
10/4/2025,20251004,2025,Q4,10,October,40
10/5/2025,20251005,2025,Q4,10,October,40
10/6/2025,20251006,2025,Q4,10,October,41
10/7/2025,20251007,2025,Q4,10,October,41
10/8/2025,20251008,2025,Q4,10,October,41
10/9/2025,20251009,2025,Q4,10,October,41
10/10/2025,20251010,2025,Q4,10,October,41
10/11/2025,20251011,2025,Q4,10,October,41
10/12/2025,20251012,2025,Q4,10,October,41
10/13/2025,20251013,2025,Q4,10,October,42
10/14/2025,20251014,2025,Q4,10,October,42
10/15/2025,20251015,2025,Q4,10,October,42
10/16/2025,20251016,2025,Q4,10,October,42
10/17/2025,20251017,2025,Q4,10,October,42
10/18/2025,20251018,2025,Q4,10,October,42
10/19/2025,20251019,2025,Q4,10,October,42
10/20/2025,20251020,2025,Q4,10,October,43
10/21/2025,20251021,2025,Q4,10,October,43
10/22/2025,20251022,2025,Q4,10,October,43
10/23/2025,20251023,2025,Q4,10,October,43
10/24/2025,20251024,2025,Q4,10,October,43
10/25/2025,20251025,2025,Q4,10,October,43
10/26/2025,20251026,2025,Q4,10,October,43
10/27/2025,20251027,2025,Q4,10,October,44
10/28/2025,20251028,2025,Q4,10,October,44
10/29/2025,20251029,2025,Q4,10,October,44
10/30/2025,20251030,2025,Q4,10,October,44
10/31/2025,20251031,2025,Q4,10,October,44
11/1/2025,20251101,2025,Q4,11,November,44
11/2/2025,20251102,2025,Q4,11,November,44
11/3/2025,20251103,2025,Q4,11,November,45
11/4/2025,20251104,2025,Q4,11,November,45
11/5/2025,20251105,2025,Q4,11,November,45
11/6/2025,20251106,2025,Q4,11,November,45
11/7/2025,20251107,2025,Q4,11,November,45
11/8/2025,20251108,2025,Q4,11,November,45
11/9/2025,20251109,2025,Q4,11,November,45
11/10/2025,20251110,2025,Q4,11,November,46
11/11/2025,20251111,2025,Q4,11,November,46
11/12/2025,20251112,2025,Q4,11,November,46
11/13/2025,20251113,2025,Q4,11,November,46
11/14/2025,20251114,2025,Q4,11,November,46
11/15/2025,20251115,2025,Q4,11,November,46
11/16/2025,20251116,2025,Q4,11,November,46
11/17/2025,20251117,2025,Q4,11,November,47
11/18/2025,20251118,2025,Q4,11,November,47
11/19/2025,20251119,2025,Q4,11,November,47
11/20/2025,20251120,2025,Q4,11,November,47
11/21/2025,20251121,2025,Q4,11,November,47
11/22/2025,20251122,2025,Q4,11,November,47
11/23/2025,20251123,2025,Q4,11,November,47
11/24/2025,20251124,2025,Q4,11,November,48
11/25/2025,20251125,2025,Q4,11,November,48
11/26/2025,20251126,2025,Q4,11,November,48
11/27/2025,20251127,2025,Q4,11,November,48
11/28/2025,20251128,2025,Q4,11,November,48
11/29/2025,20251129,2025,Q4,11,November,48
11/30/2025,20251130,2025,Q4,11,November,48
12/1/2025,20251201,2025,Q4,12,December,49
12/2/2025,20251202,2025,Q4,12,December,49
12/3/2025,20251203,2025,Q4,12,December,49
12/4/2025,20251204,2025,Q4,12,December,49
12/5/2025,20251205,2025,Q4,12,December,49
12/6/2025,20251206,2025,Q4,12,December,49
12/7/2025,20251207,2025,Q4,12,December,49
12/8/2025,20251208,2025,Q4,12,December,50
12/9/2025,20251209,2025,Q4,12,December,50
12/10/2025,20251210,2025,Q4,12,December,50
12/11/2025,20251211,2025,Q4,12,December,50
12/12/2025,20251212,2025,Q4,12,December,50
12/13/2025,20251213,2025,Q4,12,December,50
12/14/2025,20251214,2025,Q4,12,December,50
12/15/2025,20251215,2025,Q4,12,December,51
12/16/2025,20251216,2025,Q4,12,December,51
12/17/2025,20251217,2025,Q4,12,December,51
12/18/2025,20251218,2025,Q4,12,December,51
12/19/2025,20251219,2025,Q4,12,December,51
12/20/2025,20251220,2025,Q4,12,December,51
12/21/2025,20251221,2025,Q4,12,December,51
12/22/2025,20251222,2025,Q4,12,December,52
12/23/2025,20251223,2025,Q4,12,December,52
12/24/2025,20251224,2025,Q4,12,December,52
12/25/2025,20251225,2025,Q4,12,December,52
12/26/2025,20251226,2025,Q4,12,December,52
12/27/2025,20251227,2025,Q4,12,December,52
12/28/2025,20251228,2025,Q4,12,December,52
12/29/2025,20251229,2025,Q4,12,December,1
12/30/2025,20251230,2025,Q4,12,December,1
12/31/2025,20251231,2025,Q4,12,December,1
1/1/2026,20260101,2026,Q1,1,January,1
1/2/2026,20260102,2026,Q1,1,January,1
1/3/2026,20260103,2026,Q1,1,January,1
1/4/2026,20260104,2026,Q1,1,January,1
1/5/2026,20260105,2026,Q1,1,January,2
1/6/2026,20260106,2026,Q1,1,January,2
1/7/2026,20260107,2026,Q1,1,January,2
1/8/2026,20260108,2026,Q1,1,January,2
1/9/2026,20260109,2026,Q1,1,January,2
1/10/2026,20260110,2026,Q1,1,January,2
1/11/2026,20260111,2026,Q1,1,January,2
1/12/2026,20260112,2026,Q1,1,January,3
1/13/2026,20260113,2026,Q1,1,January,3
1/14/2026,20260114,2026,Q1,1,January,3
1/15/2026,20260115,2026,Q1,1,January,3
1/16/2026,20260116,2026,Q1,1,January,3
1/17/2026,20260117,2026,Q1,1,January,3
1/18/2026,20260118,2026,Q1,1,January,3
1/19/2026,20260119,2026,Q1,1,January,4
1/20/2026,20260120,2026,Q1,1,January,4
1/21/2026,20260121,2026,Q1,1,January,4
1/22/2026,20260122,2026,Q1,1,January,4
1/23/2026,20260123,2026,Q1,1,January,4
1/24/2026,20260124,2026,Q1,1,January,4
1/25/2026,20260125,2026,Q1,1,January,4
1/26/2026,20260126,2026,Q1,1,January,5
1/27/2026,20260127,2026,Q1,1,January,5
1/28/2026,20260128,2026,Q1,1,January,5
1/29/2026,20260129,2026,Q1,1,January,5
1/30/2026,20260130,2026,Q1,1,January,5
1/31/2026,20260131,2026,Q1,1,January,5
